"endorsement_count","name","perfil_id"
"+ de 99","Empresas startups",0
"","",0
"","",0
"+ de 99","Empreendedorismo",0
"","",0
"","",0
"97","Start-ups",0
"","",0
"","",0
"73","Entrepreneurship",0
"75","New Business Development",0
"67","Affiliate Marketing",0
"67","Startup Development",0
"64","Online Advertising",0
"71","Business Strategy",0
"68","Comércio eletrônico",0
"28","Growth Hacking",0
"40","Affiliate Networks",0
"36","SEO",0
"42","Online Lead Generation",0
"44","Business Intelligence",0
"28","Stock Market Analysis",0
"31","Trade Finance",0
"37","Finance",0
"31","Public Speaking",0
"37","Google Analytics",0
"22","Adobe Fireworks",0
"24","Google Webmaster Tools",0
"37","Desenvolvimento de novos negócios",0
"49","Marketing afiliado",0
"65","Publicidade online",0
"36","Marketing digital",0
"34","Marketing online",0
"25","Marketing",0
"22","Planejamento estratégico",0
"25","SEO (Otimização de motores de busca)",0
"22","Gestão",0
"31","Estratégias de marketing",0
"72","Estratégia empresarial",0
"45","Planejamento estratégico",1
"","",1
"","",1
"36","Gestão",1
"","",1
"34","Gestão de projetos",1
"","",1
"24","Liderança de equipe",1
"21","Estratégia empresarial",1
"18","Empreendedorismo",1
"15","Empresas startups",1
"12","Strategic Planning",1
"10","Design de interiores",1
"10","Start-ups",1
"10","Planejamento empresarial",1
"8","Interior Design",1
"8","Business Innovation",1
"8","Sistemas operacionais",1
"6","Management",1
"6","Business Planning",1
"4","Pesquisa",1
"4","Estratégias de marketing",1
"4","Marketing Strategy",1
"4","Operating Systems",1
"4","Planejamento de projetos",1
"4","Entrepreneurship",1
"3","Team Leadership",1
"2","Research",1
"2","Project Planning",1
"","Desenvolvimento de produtos",1
"11","Innovation",1
"1","Interior Lighting",1
"8","JavaScript",2
"","",2
"","",2
"1","TypeScript",2
"","",2
"1","Angular",2
"","",2
"2","Node.js",2
"3","Git",2
"","AWS",2
"7","HTML5",2
"1","React.js",2
"1","Redux",2
"6","AngularJS",2
"6","SASS",2
"6","CSS",2
"5","JQuery",2
"3","Material Design",2
"4","Bootstrap",2
"3","Responsive Web Design",2
"3","HTML",2
"2","User Experience",2
"5","Web Development",2
"5","PHP",2
"2","WordPress",2
"2","OOP",2
"2","Scrum",2
"1","Databases",2
"2","UML",2
"3","MySQL",2
"2","MongoDB",2
"2","Linux",2
"2","Testing",2
"2","Jasmine Framework",2
"","Karma",2
"2","Google Analytics",2
"2","SEO",2
"2","Subversion",2
"2","AMP",2
"2","RequireJS",2
"2","Software Development",2
"2","SQL",2
"2","Socket.io",2
"2","Gulp.js",2
"2","GruntJS",2
"1","Ionic Framework",2
"1","Apache Cordova",2
"2","Algorithms",2
"1","PhoneGap",2
"","Mustache",2
"","Handlebars.js",2
"2","Net Promoter Score",3
"","",3
"3","SQL",3
"","",3
"1","Marketing digital",3
"","",3
"1","Planejamento estratégico",3
"1","Empreendedorismo",3
"1","Microsoft Office",3
"1","AutoCAD",3
"2","Engenharia",3
"2","Atendimento ao Cliente",3
"13","Microsoft Office",4
"","",4
"","",4
"13","English",4
"","",4
"","",4
"12","Public Speaking",4
"","",4
"11","Strategic Planning",4
"11","Project Management",4
"9","Microsoft Word",4
"9","Social Media",4
"8","PowerPoint",4
"8","Management",4
"8","Leadership",4
"1","Scilab",4
"10","Business Strategy",5
"","",5
"","",5
"9","Análise financeira",5
"","",5
"9","Estratégia empresarial",5
"","",5
"","",5
"9","Atendimento ao Cliente",5
"8","Serviços bancários",5
"8","Gestão de riscos",5
"7","Microsoft Office",5
"7","Planejamento empresarial",5
"7","Planejamento estratégico",5
"6","Project Management",5
"6","Strategic Planning",5
"5","Gestão de carteiras",5
"5","Liderança de equipe",5
"5","Liderança",5
"5","Marketing",5
"4","Marketing digital",5
"4","Estratégias de marketing",5
"3","Mercado de crédito",5
"3","Negociação",5
"3","Gestão de projetos",5
"2","Microsoft Excel",5
"2","Gestão",5
"","Marketing afiliado",5
"","Redes afiliadas",5
"","Marketing online",5
"","Experiência em marketing digital",5
"","WebTrends Analytics",5
"","Gestão comercial",5
"","Comércio eletrônico",5
"23","Software Engineering",6
"","",6
"","",6
"18","Software Development",6
"","",6
"","",6
"11","MapReduce",6
"","",6
"","",6
"10","Distributed Systems",6
"10","C++",6
"9","Algorithms",6
"8","Java",6
"8","Python",6
"7","Linux",6
"3","Scrum",6
"3","C",6
"3","Git",6
"2","Software Design",6
"2","Microsoft Office",6
"2","Unix",6
"1","Customer Service",6
"1","Computer Science",6
"1","Microsoft Word",6
"1","Subversion",6
"1","PowerPoint",6
"1","Scalability",6
"1","Microsoft Excel",6
"","Information Retrieval",6
"","Microsoft Office",7
"","",7
"","Microsoft Excel",7
"","",7
"","Microsoft Word",7
"","",7
"","Microsoft PowerPoint",7
"","Oratória",7
"80","Estratégia empresarial",8
"","",8
"","",8
"73","Empreendedorismo",8
"","",8
"","",8
"57","Business Strategy",8
"","",8
"","",8
"52","Comércio eletrônico",8
"50","E-commerce",8
"47","Publicidade online",8
"41","New Business Development",8
"41","Business Planning",8
"39","Marketing Strategy",8
"38","Online Advertising",8
"35","Estratégias de marketing",8
"28","Empresas startups",8
"27","Affiliate Marketing",8
"25","Affiliate Networks",8
"25","Online Lead Generation",8
"23","Entrepreneurship",8
"22","Business Intelligence",8
"22","Start-ups",8
"22","Planejamento empresarial",8
"20","Angel Investing",8
"19","Financial Analysis",8
"18","Commerce",8
"17","Start-up Environment",8
"17","Desenvolvimento de novos negócios",8
"17","Planejamento estratégico",8
"16","Business Valuation",8
"16","Startup Development",8
"16","Startup Marketing",8
"16","SEO (Otimização de motores de busca)",8
"15","Trade Finance",8
"15","Estratégia",8
"14","SEO",8
"14","Fusões e aquisições",8
"14","Marketing digital",8
"13","Stock Market Analysis",8
"13","Marketing online",8
"12","M&A experience",8
"12","Stock Exchange",8
"12","Análise financeira",8
"12","Digital Marketing",8
"12","Online Marketing",8
"11","Strategic Planning",8
"10","Capital de risco",8
"9","Business Development",8
"9","Mergers & Acquisitions",8
"8","Mergers",8
"8","Venture Capital",8
"15","Brazilian Laws",8
"12","Internet Entrepreneur",8
"12","Innovation",8
"21","Gestão de contas",9
"","",9
"17","Análise de dados",9
"","",9
"23","Comércio eletrônico",9
"","",9
"16","Marketing afiliado",9
"17","Google Analytics",9
"18","Marketing online",9
"20","Mídias sociais",9
"15","Marketing por e-mail",9
"9","Resolução de problemas",9
"13","E-commerce SEO",9
"9","Comunicações de marketing",9
"5","Banco de dados",9
"8","Negociação de contratos",9
"6","Implementação de pixel",9
"6","Soluções criativas",9
"7","Atendimento ao Cliente",9
"13","Microsoft Excel",9
"7","Afiliação",9
"14","Gestão",9
"4","Investimentos",9
"11","Microsoft Word",9
"15","Marketing social",9
"6","Desenvolvimento de novos negócios",9
"6","Social Media",9
"4","Revisão de texto",9
"2","Análise de riscos",9
"1","Satisfação do cliente",9
"","Seguros",9
"","Talento vocal",9
"","Edição de vídeo",9
"1","Edição de imagens",9
"","Edição de áudio",9
"4","Management",9
"3","Strategic Planning",9
"1","E-commerce",9
"1","Social Media Marketing",9
"4","Marketing Strategy",9
"4","Marketing",9
"2","Digital Marketing",9
"1","Customer Service",9
"1","Microsoft PowerPoint",9
"1","New Business Development",9
"","Gestão de pessoal",9
"3","Planejamento estratégico",9
"4","Estratégias de marketing",9
"3","Marketing digital",9
"2","Business Development",9
"10","Marketing digital",10
"","",10
"9","Inglês",10
"","",10
"9","Melhoria de processos empresariais",10
"","",10
"8","Seis Sigma",10
"8","Gestão",10
"8","Management",10
"7","E-commerce SEO",10
"6","JavaScript",10
"6","Melhoria de processos",10
"5","Gestão Lean",10
"5","Business Development",10
"3","MySQL",10
"3","Pensamento Lean",10
"3","Ferramentas lean",10
"2","PHP",10
"1","Planejamento estratégico",10
"1","Desenvolvimento empresarial",10
"1","Estratégia empresarial",10
"28","Publicidade",11
"","",11
"","",11
"29","Estratégias de marketing",11
"","",11
"","",11
"9","Affiliation",11
"","",11
"15","Marketing Communications",11
"13","Marketing digital",11
"25","Mídias sociais",11
"5","E-commerce SEO",11
"20","Relações públicas",11
"9","Estratégia digital",11
"12","Publicidade online",11
"3","Brand Development",11
"6","Marketing por e-mail",11
"24","Marketing",11
"5","Liderança",11
"4","Marketing direto",11
"3","Melhoria de processos",11
"4","Planejamento estratégico",11
"1","Digital Strategy",11
"8","Microsoft Excel",11
"8","Marketing Strategy",11
"1","E-commerce global",12
"","",12
"1","Sales Tracking",12
"","",12
"1","SQL",12
"","",12
"8","Engenharia de produção",12
"17","Gestão de projetos",12
"8","Gestão empresarial",12
"5","Gestão por indicadores",12
"3","Gerenciamento de processos",12
"9","Microsoft Excel",12
"9","Inglês",12
"10","Atendimento ao Cliente",13
"","",13
"13","Marketing",13
"","",13
"","",13
"6","Gestão",13
"","",13
"8","Liderança",13
"4","Oratória",13
"5","Planejamento de eventos",13
"7","Publicidade",13
"1","Gestão de projetos",13
"7","English",14
"","",14
"","",14
"6","Negotiation",14
"","",14
"","",14
"5","Team Leadership",14
"","",14
"4","Management",14
"4","Engineering",14
"4","Marketing Strategy",14
"3","Business Planning",14
"1","Project Management",14
"6","Microsoft Excel",16
"","",16
"6","English",16
"","",16
"4","Negotiation",16
"","",16
"4","Microsoft Office",16
"3","Portuguese",16
"3","Business Planning",16
"3","Team Leadership",16
"1","Strategic Planning",16
"1","Business Strategy",16
"1","Microsoft Word",16
"1","PowerPoint",16
"","PDCA",16
"","SAP R/3",16
"","Spanish",16
"","Microsoft PowerPoint",16
"3","English",17
"","",17
"2","Microsoft PowerPoint",17
"","",17
"2","Microsoft Office",17
"","",17
"2","SolidWorks",17
"1","Sketching",17
"1","Microsoft Excel",17
"1","Engineering",17
"1","Microsoft Word",17
"1","Product Design",17
"1","Product Development",17
"1","Teamwork",17
"1","Living Abroad",17
"2","Marketing",18
"","",18
"2","Relações públicas",18
"","",18
"2","Marketing comercial",18
"","",18
"1","Experiência do cliente",18
"1","Gestão de equipes",18
"1","Gestão de eventos",18
"2","Microsoft Excel",19
"","",19
"","",19
"2","Atendimento ao Cliente",19
"","",19
"1","Microsoft Office",19
"","",19
"","Microsoft Project",19
"","Gestão",19
"","Microsoft PowerPoint",19
"","CEP (Controle estatístico de processos)",19
"1","Empreendedorismo",19
"","Metrologia",19
"","CLP (Controlador lógico programável)",19
"7","Microsoft Project",21
"","",21
"","",21
"6","Liderança de equipe",21
"","",21
"6","Estratégia empresarial",21
"","",21
"","",21
"5","Project Management",21
"5","Inglês",21
"5","Gestão de projetos",21
"5","Negociação",21
"4","Gestão",21
"3","Gestão de obras",21
"3","Management",21
"3","Business Strategy",21
"3","Planejamento de projetos",21
"3","Engenharia civil",21
"3","Microsoft PowerPoint",21
"3","Planejamento empresarial",21
"3","Planejamento estratégico",21
"3","Microsoft Word",21
"3","Engenharia de projetos",21
"2","Sales Management",21
"2","Estratégias de marketing",21
"2","Gestão de contratos",21
"10","Atendimento ao Cliente",22
"","",22
"8","Planejamento estratégico",22
"","",22
"7","Liderança",22
"","",22
"6","Organização de Eventos",22
"5","Negociação",22
"3","Microsoft Excel",22
"3","Adobe Photoshop",22
"3","Marketing",22
"2","Formação de equipes",22
"2","Adobe Illustrator",22
"2","Marketing digital",22
"1","Net Promoter Score",22
"3","Design gráfico",23
"","",23
"3","Marketing",23
"","",23
"2","Adobe Photoshop",23
"","",23
"1","Escrita",23
"","Adobe Illustrator",23
"","Ilustração",23
"","Adobe After Effects",23
"1","Social Computing",24
"","",24
"2","Data Analysis",24
"","",24
"1","Complex Networks",24
"","",24
"2","Software Development",24
"1","Web Development",24
"1","Software Documentation",24
"1","Python",24
"1","R",24
"1","Ruby",24
"1","C#",24
"1","PHP",24
"1","C",24
"2","C++",24
"1","Ruby on Rails",24
"1",".NET",24
"1","ASP.NET",24
"1","HTML",24
"1","CSS",24
"1","JavaScript",24
"1","JQuery",24
"1","XML",24
"1","Git",24
"1","Web Hosting",24
"1","Infrastructure Management",24
"1","Windows",24
"1","Linux",24
"1","MySQL",24
"1","Microsoft SQL Server",24
"1","Network Protocols",24
"1","Cloud Computing",24
"1","Customer Support",24
"1","Teamwork",24
"1","Fast Learning",24
"1","Proactivity",24
"2",".NET Framework",24
"48","Scrum",29
"","",29
"","",29
"43","Software Development",29
"","",29
"","",29
"33","Mobile Applications",29
"","",29
"","",29
"2","Project Coordination",29
"32","Android",29
"31","Qt",29
"21","Software Engineering",29
"18","C",29
"17","Java",29
"15","Open Source",29
"17","C++",29
"17","Git",29
"15","Linux",29
"11","JavaScript",29
"8","UML",29
"5","Application Development",29
"8","Python",29
"6","Team Leadership",29
"3","AJAX",29
"4","Computer Science",29
"7","Subversion",29
"8","Design Patterns",29
"3","WebKit",29
"3","Mozilla",29
"3","JSON",29
"3","Information Retrieval",29
"2","Maemo",29
"2","OOP",29
"7","Agile Methodologies",29
"1","GTK",29
"1","Linux development",29
"2","Mobile Devices",29
"","HTML/XML",29
"1","Data Extraction",29
"","Web Mining",29
"1","Product Development",29
"1","Project Planning",29
"1","Microsoft Project",29
"4","Software Project Management",29
"1","Project Estimation",29
"","Marketing digital",30
"","",30
"","Desenho mecânico",30
"","",30
"","SolidWorks",30
"","",30
"","Microsoft Project",30
"31","JavaScript",31
"","",31
"","",31
"9","Node.js",31
"","",31
"","",31
"28","PHP",31
"","",31
"","",31
"29","MySQL",31
"","React.js",31
"","Python",31
"","Docker",31
"21","HTML",31
"4","SASS",31
"25","jQuery",31
"22","CSS",31
"1","Git",31
"16","Web Design",31
"","WebRTC",31
"","Apache Cordova",31
"","Electron",31
"2","WebSockets",31
"16","Java",31
"","Gulp.js",31
"","GruntJS",31
"1","NoSQL",31
"7","PostgreSQL",31
"1","SEO",31
"13","JSON",31
"6","XML",31
"4","OOP",31
"6","Software Engineering",31
"","Scrum",31
"5","Web Services",31
"4","Facebook API",31
"2","C++",31
"2","C",31
"6","HTML 5",31
"17","AJAX",31
"3","Photoshop",31
"3","UML",31
"4","Microsoft SQL Server",31
"2","WordPress",31
"1","Linux Server",31
"1","Apache",31
"1","Shell Scripting",31
"3","Delphi",31
"1","Material Design",31
"9","Estratégia empresarial",32
"","",32
"5","Planejamento empresarial",32
"","",32
"4","Liderança de equipe",32
"","",32
"4","Negociação",32
"1","Cartões de crédito",32
"1","Português",32
"1","Gestão de vendas",32
"","Credit Cards",32
"","PMI",32
"","Business Planning",32
"","Negotiation",32
"","DOS",32
"","Portuguese",32
"","COBIT",32
"","Business Strategy",32
"","Sales Management",32
"","Team Leadership",32
"","Portfolio Management",32
"34","User Interface Design",33
"","",33
"","",33
"31","Interaction Design",33
"","",33
"","",33
"28","Information Architecture",33
"","",33
"","",33
"27","User Experience",33
"14","CSS",33
"12","Web Development",33
"10","Agile Project Management",33
"11","Front-end",33
"11","Usability Testing",33
"3","A/B Testing",33
"6","HTML",33
"7","Graphic Design",33
"4","Prototyping",33
"5","JavaScript",33
"5","PHP",33
"2","Git",33
"4","Visual Design",33
"2","Photoshop",33
"6","User Experience Design",33
"3","Front-end Development",33
"8","Product Management",34
"","",34
"","",34
"14","Mobile Devices",34
"","",34
"","",34
"15","Web Development",34
"","",34
"","",34
"10","Agile Methodologies",34
"7","Android Development",34
"3","Mobile Application Development",34
"11","Java",34
"5","Distributed Systems",34
"5","Ruby on Rails",34
"3","Git",34
"2","Ruby",34
"3","Mobile Applications",34
"1","Heroku",34
"1","Software Development",34
"2","Scrum",34
"","Customer Focused Design",34
"","Customer development",34
"","Start-ups",34
"","Mobile Product Development",34
"","Data Analysis",34
"","Hypothesis Testing",34
"","User Experience",34
"","Cross-functional Team Leadership",34
"","Lean Startup",34
"","Entrepreneurship",34
"90","Linux",35
"","",35
"","",35
"26","Open Source",35
"","",35
"19","MySQL",35
"","",35
"","",35
"15","PHP",35
"54","Python",35
"36","Java",35
"29","C++",35
"9","Operating Systems",35
"13","Bash",35
"17","Distributed Systems",35
"1","Amazon Web Services",35
"3","Chrome Extensions",35
"10","Git",35
"15","Computer Science",35
"16","Software Development",35
"2","MongoDB",35
"13","C",35
"10","Shell Scripting",35
"8","Programming",35
"6","Linux development",35
"5","Algorithms",35
"5","Eclipse",35
"5","UML",35
"4","Android",35
"5","JavaScript",35
"4","Parallel Programming",35
"3","Compilers",35
"3","Objective-C",35
"3","Perl",35
"3","Heroku",35
"3","CVS",35
"2","PostgreSQL",35
"2","Object Oriented Design",35
"1","Multithreading",35
"1","Parallel Computing",35
"1","Scalability",35
"21","Software Engineering",35
"1","Flask",35
"1","Unix Shell Scripting",35
"1","REST",35
"1","Escalabilidade",35
"2","Algoritmo",35
"2","C (linguagem de programação)",35
"4","Engenharia de software",35
"3","Código aberto",35
"3","Desenvolvimento de software",35
"1","Ciência da computação",35
"1","Programação de computadores",35
"1","Shell script",35
"1","Sistemas distribuídos",35
"5","Inglês",36
"","",36
"4","Comunicação interpessoal",36
"","",36
"3","Motivação de equipes",36
"","",36
"2","Gerenciamento de processos de negócios",36
"2","Língua Portuguesa",36
"2","Liderança de equipe",36
"2","Microsoft Office",36
"28","PHP",37
"","",37
"","",37
"29","JavaScript",37
"","",37
"","",37
"21","Python",37
"","",37
"","",37
"4","Scrum",37
"13","Performance Improvement",37
"8","Team Leadership",37
"7","Linux",37
"7","Git",37
"6","MySQL",37
"3","Nginx",37
"2","Django",37
"5","Laravel",37
"2","WordPress",37
"1","PostgreSQL",37
"1","AngularJS",37
"4","TDD",37
"10","Python",38
"","",38
"","",38
"11","Scrum",38
"","",38
"","",38
"4","Desenvolvimento de software",38
"","",38
"4","Engenharia de software",38
"2","Desenvolvimento orientado a testes",38
"3","Agile Methodologies",38
"4","Análise de sistemas",38
"4","Análise de requisitos",38
"4","Linux",38
"1","Coordenação de projetos",38
"","Liderança de equipe",38
"3","PHP",38
"1","Java",38
"1","HTML5",38
"15","JavaScript",38
"4","jQuery",38
"5","CSS",38
"4","SQL",38
"6","UML",38
"1","Web Services",38
"","REST",38
"","SOAP",38
"1","Web Development",38
"2","Git",38
"1","PostgreSQL",38
"3","Jenkins",38
"","Nginx",38
"","Servidor Apache",38
"1","Sistemas operacionais",38
"14","Microsoft Excel",39
"","",39
"","",39
"11","Microsoft Office",39
"","",39
"12","Microsoft PowerPoint",39
"","",39
"8","Planejamento empresarial",39
"8","Planejamento estratégico",39
"6","Business",39
"8","Estratégia empresarial",39
"4","Business Analysis",39
"4","Business Planning",39
"4","ERP (Planejamento de recursos empresariais)",39
"1","Excel Dashboards",39
"4","Inglês",39
"3","Gestão",39
"5","Sistemas operacionais",39
"2","Business Intelligence Tools",39
"2","Strategic Consulting",39
"3","Liderança de equipe",39
"1","Gestão de informações",39
"2","Inteligência empresarial",39
"1","Inteligência de mercado",39
"1","Competitive Analysis",39
"1","Dashboard",39
"1","Information Management",39
"1","Data Analysis",39
"1","Marketing digital",39
"1","Operating Systems",39
"9","Microsoft Word",39
"1","Business Intelligence",39
"","VBA",39
"","Negociação",39
"","Marketing",39
"","Consultoria",39
"","Análises",39
"","Consultoria de gestão",39
"","Capacidade analítica",39
"","Planejamento de projetos",39
"","Empreendedorismo",39
"","Análises de mercado",39
"","Estratégia",39
"21","JavaScript",40
"","",40
"","",40
"6","Angular",40
"","",40
"12","jQuery",40
"","",40
"","",40
"13","HTML",40
"13","CSS",40
"9","AJAX",40
"5","Ruby on Rails",40
"7","User Interfaces",40
"12","Linux",40
"6","Python",40
"7","Programming",40
"6","Programação de computadores",40
"3","PHP",40
"2","Node.js",40
"","Arquitetura de software",40
"3","Scrum",40
"","SEO (Otimização de motores de busca)",40
"2","Git",40
"1","SASS",40
"","Chrome Developer Tools",40
"","Compatibilidade cross-browser",40
"","Design de interação",40
"","Microsoft Excel",42
"","",42
"","Customer Service",42
"","",42
"","Leadership",42
"","",42
"","Microsoft Word",42
"","Microsoft Office",42
"","Research",42
"","Microsoft PowerPoint",42
"","Public Speaking",42
"","Social Media",42
"","Marketing",42
"","SAP ERP",42
"5","Finanças",43
"","",43
"4","Contabilidade",43
"","",43
"3","Microsoft Windows",43
"","",43
"2","Microsoft Excel",43
"2","Microsoft Word",43
"2","Microsoft PowerPoint",43
"1","Microsoft Office",43
"1","Auditoria",43
"1","Management",43
"1","Negociação",43
"1","Microsoft Project",43
"1","Negotiation",43
"1","Customer Service",43
"1","Leadership",43
"1","Research",43
"1","Windows",43
"1","Pesquisa",43
"1","Atendimento ao Cliente",43
"1","Gestão",43
"1","Inglês",43
"1","Liderança",43
"1","Profissional competente, comunicativo e proativo.",43
"1","Bom relacionamento para trabalhar em equipe.",43
"1","Inglês Intermediário",43
"2","Go",44
"","",44
"1","Google Cloud Platform",44
"","",44
"24","MySQL",44
"","",44
"","",44
"1","Ceph",44
"26","Linux",44
"1","Redis",44
"1","Nginx",44
"19","Scrum",44
"3","Scalability",44
"4","Problem Solving",44
"21","JavaScript",44
"23","PHP",44
"4","Software Engineering",44
"13","Web Development",44
"4","Ruby",44
"1","Amazon Web Services (AWS)",44
"","Lua",44
"5","Social Web",44
"5","Team Management",44
"4","Python",44
"6","Performance Tuning",44
"3","CSS",44
"4","Git",44
"3","Java",44
"3","Software Development",44
"","Kubernetes",44
"1","HTML 5",44
"2","Varnish Cache",44
"2","Google Analytics",44
"1","Product Management",44
"1","System Architecture",44
"1","Development Management",44
"7","Facebook API",44
"1","DevOps",44
"1","Social Networking",44
"1","Shell Scripting",44
"1","User Experience",44
"7","OpenSocial",44
"","Music Theory",44
"","SEO",44
"8","jQuery",44
"2","AJAX",44
"1","HTML5",44
"","SQL",44
"","HTML",44
"","Operating Systems",44
"","IT Service Management",44
"1","JavaScript",45
"","",45
"2","PHP",45
"","",45
"","",45
"1","HTML",45
"","",45
"1","MySQL",45
"","Python",45
"","Java",45
"","CSS",45
"","C++",45
"3","Desenvolvimento de software",45
"","Software Development",45
"","Web Development",45
"","Hardware Installation",45
"2","Scrum",45
"","Git",46
"","",46
"","Scrum",46
"","",46
"","Web Development",46
"","",46
"","HTML",46
"","CSS",46
"","JavaScript",46
"","Software Development",46
"","MySQL",46
"","PHP",46
"4","Psychological Assessment",47
"","",47
"4","Psychometrics",47
"","",47
"3","Research",47
"","",47
"","Recruitments",47
"6","Microsoft Excel",47
"5","Microsoft Word",47
"","PowerPoint",47
"","English",47
"","Negotiation",47
"1","Liderança de equipe",47
"2","Microsoft Office",47
"1","Português",47
"","Strategic Planning",47
"3","Microsoft PowerPoint",47
"3","Inglês",47
"1","Planejamento estratégico",47
"1","Estratégia empresarial",47
"1","Human Resources",47
"36","Interaction Design",49
"","",49
"","",49
"27","User Experience",49
"","",49
"22","Design da Experiência do Usuário",49
"","",49
"21","User Interface Design",49
"20","Information Architecture",49
"20","Layout",49
"20","Design de interação",49
"19","Design de interface do usuário",49
"18","User-centered Design",49
"16","Arquitetura de informação",49
"16","Experiência do usuário",49
"14","Web design",49
"11","User Experience Design",49
"11","Marketing digital",49
"11","Adobe Photoshop",49
"10","Usability",49
"10","Adobe Illustrator",49
"10","Design gráfico",49
"8","Web Design",49
"8","Photoshop",49
"6","Design Thinking",49
"6","Axure",49
"6","Graphic Design",49
"6","Layout gráfico",49
"5","Experience Design",49
"4","Design de experiência",49
"","Usabilidade",49
"2","Digital Marketing",49
"","Design thinking",49
"1","ActionScript",49
"1","Accessibility",49
"1","Illustrator",49
"1","mobile application design",49
"1","Design voltado para o usuário",49
"","Responsiveness",49
"","Web Application Design",49
"60","Marketing digital",50
"","",50
"","",50
"49","Marketing de motor de busca",50
"","",50
"43","Marketing",50
"","",50
"","",50
"35","Publicidade online",50
"34","Estratégias de marketing",50
"29","Digital Marketing",50
"21","Marketing por e-mail",50
"17","Marketing social",50
"16","Online Advertising",50
"14","Social Media Marketing",50
"13","Marketing Strategy",50
"12","Google Analytics",50
"11","Digital Media",50
"11","Digital Strategy",50
"11","Estratégia digital",50
"10","Email Marketing",50
"9","Mídias sociais",50
"9","Comércio eletrônico",50
"8","Mídia digital",50
"7","Facebook",50
"5","Social Media",50
"5","CRM",50
"5","Google AdWords",50
"5","Comunicações de marketing",50
"4","Google Adwords",50
"4","SEM",50
"4","Advertising",50
"4","Análise de rede",50
"4","SEO (Otimização de motores de busca)",50
"4","Gestão de relação de clientes",50
"3","Web Analytics",50
"3","E-commerce",50
"3","Mobile Marketing",50
"3","Media Planning",50
"3","Marketing para dispositivos móveis",50
"3","Planejamento de mídia",50
"3","Publicidade",50
"2","SEO",50
"2","Marketing Communications",50
"1","Trade Marketing",50
"25","Team Leadership",51
"","",51
"","",51
"23","Sales Operations",51
"","",51
"","",51
"21","Sales Management",51
"","",51
"","",51
"16","Trade Marketing",51
"16","Strategic Planning",51
"12","PDCA",51
"11","Portuguese",51
"11","Pricing Strategy",51
"10","English",51
"8","Supply Chain",51
"3","Spanish",51
"27","Optimization Strategies",52
"","",52
"42","SEO",52
"","",52
"65","Google Analytics",52
"","",52
"","",52
"18","Usability Testing",52
"19","Conversion Optimization",52
"23","Usability",52
"30","Digital Marketing",52
"13","Information Architecture",52
"17","Web Analytics",52
"16","Digital Advertising",52
"5","Inbound Marketing",52
"6","Digital Strategy",52
"19","jQuery",52
"38","CSS",52
"24","WordPress",52
"11","HTML 5",52
"14","PHP",52
"6","CSS3",52
"7","Google Adwords",52
"4","Semantic HTML",52
"5","Mobile Devices",52
"8","Wireframes",52
"4","PPC",52
"4","SEM",52
"3","Landing Page Optimization",52
"9","JavaScript",52
"3","E-commerce Optimization",52
"3","E-commerce Consulting",52
"7","Online Advertising",52
"9","Social Media Marketing",52
"3","Social Media Advertising",52
"6","Online Marketing",52
"3","Digital Media Services",52
"2","Accessibility",52
"2","Sitemap",52
"2","Web Standards",52
"5","Social Media",52
"33","SEO (Otimização de motores de busca)",52
"39","Marketing digital",52
"9","Marketing de motor de busca",52
"21","JQuery",52
"12","Marketing online",52
"12","Mídias sociais",52
"9","Marketing social",52
"8","Arquitetura de informação",52
"12","Publicidade online",52
"7","Análise de rede",52
"4","Usabilidade",52
"6","Estratégia digital",52
"7","HTML5",52
"9","Copywriting",53
"","",53
"","",53
"20","Social Media",53
"","",53
"","",53
"17","Digital Marketing",53
"","",53
"","",53
"10","Art Direction",53
"22","Mídias sociais",53
"13","Comunicações de marketing",53
"12","Publicidade",53
"19","Marketing digital",53
"16","Estratégias de marketing",53
"9","Publicidade online",53
"11","Redação",53
"3","Video Production",53
"14","Adobe Photoshop",53
"5","Inglês",53
"7","Planejamento estratégico",53
"4","Gestão",53
"7","Adobe Illustrator",53
"3","Photoshop",53
"5","Marketing social",53
"8","Marketing",53
"7","Microsoft Office",53
"3","Microsoft Excel",53
"14","Business Planning",54
"","",54
"","",54
"12","Marketing digital",54
"","",54
"12","Estratégias de marketing",54
"","",54
"7","Publicidade online",54
"7","Business Strategy",54
"6","Business Intelligence",54
"6","Business Development",54
"7","Gestão",54
"5","New Business Development",54
"5","Comércio eletrônico",54
"4","Gestão de relação de clientes",54
"4","Relações com os clientes",54
"3","Google Analytics",54
"3","Inteligência empresarial",54
"3","Planejamento empresarial",54
"7","Estratégia empresarial",54
"3","Desenvolvimentos de clientes",54
"18","Mídias sociais",55
"","",55
"","",55
"15","Estratégias de marketing",55
"","",55
"13","Marketing",55
"","",55
"","",55
"11","Planejamento estratégico",55
"10","Publicidade",55
"10","Microsoft Office",55
"8","Marketing digital",55
"7","Social Media Marketing",55
"6","Comunicações de marketing",55
"6","Marketing Communications",55
"5","Social Media",55
"3","Inglês",55
"2","Microsoft PowerPoint",55
"2","Publicidade online",55
"2","Relações públicas",55
"1","Adobe Photoshop",55
"7","Marketing",56
"","",56
"5","Planejamento estratégico",56
"","",56
"5","Marketing digital",56
"","",56
"4","Publicidade",56
"3","Gestão de projetos",56
"35","Scrum",57
"","",57
"","",57
"27","Desenvolvimento de sistemas",57
"","",57
"32","Java",57
"","",57
"","",57
"26","JavaScript",57
"26","SQL",57
"11","Palestras",57
"19","Analise de sistemas",57
"16","Ruby",57
"18","Microsoft SQL Server",57
"16","CSS",57
"13","Gerenciamento de serviços de TI",57
"13","Liderança de equipe",57
"12","Servidor Windows",57
"11","Linux",57
"16","HTML",57
"12","Git",57
"9","Tableau",57
"10","Microsoft Project",57
"12","UML",57
"15","Sistemas operacionais",57
"11","ITIL",57
"27","ITIL",58
"","",58
"","",58
"18","Gerenciamento de serviços de TI",58
"","",58
"14","Sistemas operacionais",58
"","",58
"11","Liderança de equipe",58
"10","COBIT",58
"9","ERP (Planejamento de recursos empresariais)",58
"9","Gestão de TI",58
"8","Centro de processamento de dados",58
"8","Microsoft Excel",58
"7","IT Service Management",58
"7","ERP",58
"7","Microsoft Project",58
"6","Business Intelligence",58
"6","Data Center",58
"6","5S",58
"6","IT Management",58
"5","Team Leadership",58
"5","Terceirização de serviços",58
"5","Recursos humanos",58
"5","Operating Systems",58
"5","Microsoft Office",58
"15","Microsoft Excel",59
"","",59
"","",59
"12","Microsoft Office",59
"","",59
"","",59
"9","Liderança",59
"","",59
"8","Gestão de projetos",59
"8","Microsoft PowerPoint",59
"6","Microsoft Word",59
"5","Gestão de programas",59
"4","Gestão",59
"3","Atendimento ao Cliente",59
"3","Planejamento estratégico",59
"3","Consultoria de gestão",59
"2","Liderança de equipe",59
"2","Planejamento empresarial",59
"2","Leadership",59
"2","Management",59
"2","PowerPoint",59
"2","Project Management",59
"1","Treinamento",59
"5","Product Development",60
"","",60
"4","Business Development",60
"","",60
"4","Amazon Web Services (AWS)",60
"","",60
"3","Project Management",60
"10","iOS development",60
"6","MySQL",60
"11","JavaScript",60
"11","HTML 5",60
"7","CSS3",60
"7","PHP",60
"6","Python",60
"88","Interaction Design",60
"72","User Experience",60
"4","Business Model Canvas",60
"60","User-centered Design",60
"53","Usability Testing",60
"51","Usability",60
"36","Information Architecture",60
"32","Design Thinking",60
"27","Information Design",60
"21","Experience Design",60
"20","Heuristic Evaluation",60
"17","User Interface Design",60
"13","CSS",60
"11","Prototype",60
"11","Front-end",60
"9","Persona",60
"9","User Experience Design",60
"9","Ethnography",60
"8","Digital Marketing",60
"7","Paper Prototyping",60
"8","jQuery",60
"7","Usability Engineering",60
"7","Mobile Design",60
"6","Human Computer Interaction",60
"5","Axure",60
"4","Design Strategy",60
"4","Service Design",60
"5","Wireframes",60
"4","Contextual Inquiry",60
"5","MongoDB",60
"4","Heroku",60
"3","Rapid Prototyping",60
"2","Design Research",60
"2","Prototyping",60
"2","Personas",60
"1","customer development",60
"3","Entrepreneurship",61
"","",61
"2","Microsoft Office",61
"","",61
"2","Project Management",61
"","",61
"1","Critical Thinking",61
"1","Business Management",61
"","Data Analysis",61
"","SQL",61
"","Big Data Analytics",61
"","Operations Management",61
"","Affiliate Marketing",61
"","Digital Marketing",61
"","Data Analytics",61
"","Extract, Transform, Load (ETL)",61
"46","Marketing digital",62
"","",62
"","",62
"32","Affiliation",62
"","",62
"35","Publicidade online",62
"","",62
"","",62
"26","Fotografia",62
"22","E-commerce SEO",62
"16","Marketing por e-mail",62
"24","Corporate Branding",62
"32","Marketing",62
"21","Estratégias de marketing",62
"15","Mídias sociais",62
"15","Comércio eletrônico",62
"10","Planejamento estratégico",62
"11","Email Marketing",62
"22","Online Advertising",62
"12","Marketing online",62
"14","Marketing Communications",62
"16","Identidade de marca corporativa",62
"9","Marketing social",62
"10","Comunicações de marketing",62
"29","Adobe Photoshop",62
"13","InDesign",62
"19","Adobe Illustrator",62
"12","Microsoft Office",62
"6","Social Media",62
"2","Social Media Marketing",62
"44","JavaScript",63
"","",63
"","",63
"41","CSS",63
"","",63
"3","Tecnologia da informação",63
"","",63
"9","Suporte técnico",63
"23","Linux",63
"18","Sistemas operacionais",63
"9","Scrum",63
"2","Tecnologias educacionais",63
"33","E-learning",63
"41","MySQL",63
"27","PHP",63
"19","Moodle",63
"13","Multimídia",63
"2","Empreendedorismo social",63
"1","Facilitador Educacional",63
"11","Microsoft Excel",63
"12","SQL",63
"9","Microsoft SQL Server",63
"2","Gestão de projetos de software",63
"7","HTML5",63
"23","Microsoft Office",63
"18","HTML",63
"1","Novos negócios",63
"2","Gestão de Pessoas",64
"","",64
"3","Comunicação interna",64
"","",64
"2","Gestão da mudanças",64
"","",64
"3","Melhoria de processos",64
"2","History",64
"2","Pesquisa",64
"2","Organizações sem fins lucrativos",64
"2","Visão sistêmica",64
"2","Microsoft Windows",64
"2","Liderança",64
"1","Mídias sociais",64
"9","SQL",65
"","",65
"","",65
"8","JavaScript",65
"","",65
"","",65
"8","jQuery",65
"","",65
"","",65
"8","PHP",65
"7","CSS",65
"7","MySQL",65
"5","GruntJS",65
"5","HTML",65
"5","SASS",65
"3","Scrum",65
"2","Gulp.js",65
"2","LESS",65
"2","Node.js",65
"2","Facebook API",65
"2","Git",65
"2","C#",65
"2","Laravel",65
"1","Microsoft SQL Server",65
"1","Linux",65
"5","Search Engine Optimization (SEO)",65
"25","Marketing Strategy",66
"","",66
"","",66
"21","Marketing",66
"","",66
"","",66
"16","Estratégia empresarial",66
"","",66
"","",66
"15","Estratégias de marketing",66
"11","Sales Management",66
"12","Business Strategy",66
"13","Microsoft Office",66
"8","New Business Development",66
"9","Business Planning",66
"9","Marketing Management",66
"9","Gestão de vendas",66
"6","Gestão de marketing",66
"6","Managing Distribution Channels",66
"6","Competitive Analysis",66
"7","Planejamento empresarial",66
"5","Microsoft Word",66
"5","Desenvolvimento de novos negócios",66
"4","Brand Development",66
"4","Team Management",66
"5","Planejamento estratégico",66
"5","Negociação",66
"5","Marketing digital",66
"5","Gestão",66
"3","Relationship Marketing",66
"3","Advertising",66
"3","Telecommunications",66
"3","Liderança",66
"4","Liderança de equipe",66
"3","Análise da competitividade",66
"3","Publicidade online",66
"3","Gestão de projetos",66
"3","Comunicações de marketing",66
"4","Estratégia",66
"3","Vendas",66
"3","Comércio eletrônico",66
"4","Marketing no Facebook",66
"3","Google Analytics",66
"3","Ajuda no sucesso do cliente",66
"4","Experiência do usuário",66
"4","Marketing online",66
"2","Marketing inbound",66
"","Strategic Planning",66
"","Negotiation",66
"1","Digital Marketing",66
"8","Design gráfico",67
"","",67
"11","Marketing",67
"","",67
"","",67
"8","Advertising",67
"","",67
"","",67
"4","Redação",67
"6","Negociação",67
"5","Estratégia empresarial",67
"4","Comunicação digital",67
"2","Publicidade",67
"2","Estratégia digital",67
"22","Estratégia empresarial",68
"","",68
"14","Gestão de ativos",68
"","",68
"13","Mercado de capitais",68
"","",68
"10","Modelagem financeira",68
"10","Finanças corporativas",68
"8","Microsoft Excel",68
"8","Planejamento estratégico",68
"7","Investimentos",68
"7","Microsoft Office",68
"5","Economia",68
"4","Business Planning",68
"3","Análise financeira",68
"2","Mercados financeiros",68
"2","Avaliação financeira",68
"2","Asset Management",68
"1","Planejamento empresarial",68
"21","Gestão de relação de clientes",69
"","",69
"19","Estratégia empresarial",69
"","",69
"17","Estratégias de marketing",69
"","",69
"9","Marketing digital",69
"8","Negociação",69
"7","Planejamento empresarial",69
"6","DOS",69
"5","Gestão de produtos",69
"5","Business Strategy",69
"4","Strategic Planning",69
"17","Atendimento ao Cliente",70
"","",70
"12","Inovação aberta",70
"","",70
"4","Customer Success",70
"","",70
"11","Liderança inovadora",70
"5","Gestão",70
"","Microsoft Office",70
"6","Java",70
"7","Vendas",70
"7","Desenvolvimento de software",70
"12","Oratória",70
"7","Experiência do cliente",70
"5","Experiência do usuário",70
"2","Customer Satisfaction",70
"4","Liderança",70
"6","Gestão de projetos",70
"3","Management",70
"3","Project Management",70
"3","Digital Marketing",70
"5","Microsoft Word",70
"1","Marketing digital",70
"1","Microsoft Excel",70
"1","Microsoft PowerPoint",70
"5","Marketing digital",71
"","",71
"5","Publicidade online",71
"","",71
"5","Mídia digital",71
"","",71
"4","Publicidade",71
"4","Marketing online",71
"3","Estratégia digital",71
"2","Comunicação empresarial",71
"1","Relações com a mídia",71
"1","Google AdWords",71
"","Marketing de influenciadores",71
"","Mídias sociais",71
"17","Marketing Strategy",72
"","",72
"","",72
"13","Creative Direction",72
"","",72
"13","Film Production",72
"","",72
"","",72
"12","Short Films",72
"12","Advertising",72
"12","Digital Marketing",72
"12","Online Advertising",72
"11","Social Media",72
"10","Photoshop",72
"10","Illustrator",72
"8","Estratégias de marketing",72
"6","Comunicações de marketing",72
"6","Comunicação empresarial",72
"6","Planejamento estratégico",72
"5","Gestão de projetos",72
"5","Communicação estratégica",72
"4","Strategic Planning",72
"4","Compositing",72
"3","Marketing digital",72
"2","Mídias sociais",72
"2","Publicidade online",72
"4","Java",73
"","",73
"2","C",73
"","",73
"1","Scrum",73
"","",73
"1","Git",73
"","HTML",73
"","Usability Testing",73
"41","Estratégias de marketing",74
"","",74
"","",74
"24","Negociação",74
"","",74
"21","Marketing",74
"","",74
"13","Microsoft Excel",74
"10","Marketing digital",74
"10","Vendas",74
"7","Digital Marketing",74
"7","B2B",74
"7","Gestão de vendas",74
"7","Planejamento de mercado",74
"7","Gestão de relação de clientes",74
"6","E-commerce",74
"6","Marketing Strategy",74
"6","Sales",74
"6","Negotiation",74
"6","Comércio eletrônico",74
"6","Inglês",74
"5","Start-ups",74
"5","Marketing social",74
"4","Salesforce.com",74
"4","Português",74
"4","Empresas startups",74
"3","CRM",74
"3","Marketing por e-mail",74
"2","Portuguese",74
"2","English",74
"2","Email Marketing",74
"2","SEM",74
"2","Google Analytics",74
"2","Social Media Marketing",74
"2","Market Planning",74
"2","Sales Management",74
"13","Estratégia empresarial",75
"","",75
"11","Linhas aéreas",75
"","",75
"6","Turismo",75
"","",75
"6","Estratégias de marketing",75
"6","Precificação",75
"5","Vendas",75
"4","Atendimento ao Cliente",75
"3","Português",75
"2","Microsoft Excel",75
"2","Business Strategy",75
"1","Microsoft Office",75
"","Customer Service",75
"","Sabre",75
"","Amadeus",75
"","Oracle Hyperion Web Analysis",75
"","Navitaire SkySpeed 3.4",75
"","Oracle i-Expenses",75
"4","Foco no cliente",76
"","",76
"3","Comunicação interpessoal",76
"","",76
"3","Proatividade",76
"","",76
"3","Persistência",76
"3","Sociabilidade",76
"3","Sensibilidade",76
"26","Comércio eletrônico",77
"","",77
"","",77
"19","Google Analytics",77
"","",77
"","",77
"19","Marketing digital",77
"","",77
"","",77
"13","Google AdWords",77
"12","E-commerce",77
"11","Estratégias de marketing",77
"8","Marketing online",77
"8","Análise de rede",77
"7","Estratégia digital",77
"6","Digital Strategy",77
"6","Digital Media",77
"6","Online Marketing",77
"5","Digital Marketing",77
"5","Web Analytics",77
"5","Marketing",77
"4","SEO",77
"4","Google Adwords",77
"4","Publicidade online",77
"4","Planejamento estratégico",77
"4","Marketing por e-mail",77
"4","Marketing social",77
"3","Mídias sociais",77
"3","Marketing Strategy",77
"3","SEO (Otimização de motores de busca)",77
"2","Mobile Marketing",77
"2","Estratégia empresarial",77
"2","Publicidade",77
"2","Mídia digital",77
"1","Gestão",77
"1","Negociação",77
"48","User Experience",78
"","",78
"","",78
"36","Information Architecture",78
"","",78
"","",78
"24","E-commerce",78
"","",78
"","",78
"23","Experiência do usuário",78
"18","Front-end",78
"17","Web Analytics",78
"17","User Interface Design",78
"16","Usability",78
"14","Axure",78
"14","Usability Testing",78
"13","Google Analytics",78
"12","DOS",78
"12","Comércio eletrônico",78
"11","Scrum",78
"10","Interaction Design",78
"10","SEO",78
"9","Digital Strategy",78
"8","User Interface",78
"8","SEM",78
"7","Wireframes",78
"7","Mobile Design",78
"7","Web Design",78
"7","Agile Methodologies",78
"6","User-centered Design",78
"5","Kanban",78
"5","jQuery",78
"4","Web Standards",78
"4","Usabilidade",78
"3","Mobile Applications",78
"3","Sistema front-end",78
"3","Teste de usabilidade",78
"3","SEO (Otimização de motores de busca)",78
"2","Web design",78
"2","JQuery",78
"52","Linux",79
"","",79
"","",79
"49","C++",79
"","",79
"","",79
"39","Python",79
"","",79
"","",79
"39","Scrum",79
"32","C",79
"28","Software Engineering",79
"25","Qt",79
"20","Git",79
"16","Embedded Systems",79
"15","Shell Scripting",79
"14","Swift",79
"13","Objective-C",79
"10","Software Development",79
"8","iOS Development",79
"7","Bash",79
"6","Algorithms",79
"6","MySQL",79
"3","Django",79
"3","Web Development",79
"34","Scrum",80
"","",80
"","",80
"16","Java",80
"","",80
"","",80
"13","Mobile Testing",80
"","",80
"","",80
"13","Metodologias ágeis",80
"12","Agile Methodologies",80
"12","Automação de testes",80
"11","JIRA",80
"10","Bug Tracking",80
"9","TestLink",80
"8","Test Automation",80
"8","Eclipse",80
"7","Windows Phone",80
"6","Teamwork",80
"6","Selenium",80
"5","MySQL",80
"3","Test Strategy",80
"3","PostgreSQL",80
"3","C#",80
"3","C++",80
"2","Brazilian Portuguese",80
"2","JMeter",80
"2","Fitnesse",80
"2","Microsoft Visual Studio",80
"2","Engenharia de software",80
"2","Acompanhamento de bugs",80
"1","Automated Software Testing",80
"1","System Testing",80
"1","BDD",80
"1","Cucumber",80
"1","Microsoft Test Manager",80
"1","Team Foundation Server",80
"1","Selenium Webdriver",80
"11","Software Testing Process",80
"3","Cobertura for J2ME",80
"3","Selenium RC/IDE",80
"1","eFitnesse",80
"1","JMUnit",80
"1","Coded UI",80
"1","Robotium",80
"1","Monkeyrunner",80
"1","Sikuli",80
"15","Valuation",81
"","",81
"","",81
"15","Corporate Finance",81
"","",81
"","",81
"12","Financial Modeling",81
"","",81
"","",81
"10","Finance",81
"7","Capital Markets",81
"4","VBA",81
"3","PowerPoint",81
"2","Data Analysis",81
"4","Scrum",82
"","",82
"3","Engenharia de software",82
"","",82
"3","MySQL",82
"","",82
"3","UML",82
"3","Java",82
"2","C (linguagem de programação)",82
"2","Desenvolvimento de produtos",82
"2","Frameworks PHP",82
"2","Desenvolvimento para iOS",82
"2","PHP",82
"2","Linux",82
"1","Swift",82
"1","SQL",82
"1","JavaScript",82
"1","HTML",82
"1","CSS",82
"1","Liderança de equipe",82
"1","Metodologias ágeis",82
"1","Git",82
"1","Android",82
"1","HTML5",82
"1","Desenvolvimento de sites",82
"","Desenvolvimento de software",82
"","C",82
"","Sistemas operacionais",82
"","Programação de computadores",82
"1","Tétriz",82
"5","Desenvolvimento Android",83
"","",83
"5","Java",83
"","",83
"3","C#",83
"","",83
"1","SQL",83
"2","PHP",83
"2","MySQL",83
"1","Microsoft SQL Server",83
"2","Visual Basic",83
"1","Programming Languages",83
"1","Software Development",83
"1","Development Programming",83
"1","HTML",83
"2","C++",83
"2","HTML 5",83
"2","C",83
"1","Python",83
"1","Prolog",83
"1","Delphi",83
"1","PostgreSQL",83
"9","Linux",84
"","",84
"","",84
"6","C++",84
"","",84
"","",84
"5","PHP",84
"","",84
"","",84
"5","C (linguagem de programação)",84
"4","MySQL",84
"4","JavaScript",84
"4","SQL",84
"3","HTML",84
"3","Scrum",84
"2","Software Development",84
"2","Python",84
"1","Desenvolvimento de software",84
"3","Inglês",85
"","",85
"4","Swift",85
"","",85
"","",85
"4","iOS",85
"","",85
"","",85
"2","CBL",85
"","Objective-C",85
"3","Scrum",85
"11","Android Development",86
"","",86
"","",86
"10","MySQL",86
"","",86
"","",86
"9","PHP",86
"","",86
"","",86
"9","JavaScript",86
"7","Scrum",86
"7","Desenvolvimento Android",86
"6","SQL",86
"5","Digital TV",86
"5","Java Enterprise Edition",86
"5","Linux",86
"4","HTML",86
"4","C++",86
"3","JavaSE",86
"3","Lua",86
"3","phpMyAdmin",86
"3","SQLite",86
"3","CSS",86
"3","EJB",86
"3","JSF",86
"3","JDBC",86
"3","Data Mining",86
"3","Java",86
"2","Oracle SQL",86
"2","DHTML",86
"2","Windows",86
"2","JPA",86
"2","Information Retrieval",86
"2","Machine Learning",86
"2","UML",86
"2","Python",86
"3","Context Sensitive Solutions",86
"3","ITS",86
"2","Chrome Extensions",86
"1","Unified Modeling Language (UML)",86
"3","C++",87
"","",87
"3","Python",87
"","",87
"6","Java",87
"","",87
"3","MySQL",87
"12","Java",88
"","",88
"9","SQL",88
"","",88
"8","Microsoft SQL Server",88
"","",88
"8","C (linguagem de programação)",88
"7","MySQL",88
"6","Objective-C",88
"6","Desenvolvimento de software",88
"5","Visual Basic",88
"4","C",88
"4","Software Development",88
"4","C++",88
"4","Scrum",88
"3","C#",88
"3","CSS",88
"3","HTML",88
"3","Swift",88
"3","Microsoft Office",88
"2","JSON",88
"2","J2ME",88
"2","LaTeX",88
"2","Prolog",88
"2","Python",88
"1","Jade",88
"1","JavaScript",88
"3","Object Pascal",88
"2","SML",88
"1","Inglês",89
"","",89
"","Microsoft Office",89
"","",89
"","Microsoft PowerPoint",89
"","",89
"","Microsoft Word",89
"","Engenharia",89
"","Engenharia de processos",89
"21","Scrum",90
"","",90
"","",90
"20","Sistemas operacionais",90
"","",90
"","",90
"19","SQL",90
"","",90
"","",90
"17","Linux",90
"16","MySQL",90
"10","PostgreSQL",90
"9","Operating Systems",90
"8","Java",90
"7","UML",90
"7","Shell script",90
"5","Microsoft Project",90
"4","Database Administration",90
"4","Databases",90
"4","Delphi",90
"4","Software Development",90
"4","Banco de dados",90
"3","Shell Scripting",90
"3","IT Management",90
"3","Gestão de TI",90
"2","JSF",90
"2","C/C++",90
"2","Visual Basic 5.0/6.0",90
"2","FreeBSD",90
"2","ETL",90
"2","Data Warehousing",90
"2","XML",90
"2","Windows",90
"2","Windows Server",90
"2","Unix Shell Scripting",90
"2","Debian",90
"2","Visual Basic",90
"1","Ubuntu",90
"1","CVS",90
"1","VMware",90
"1","Amazon EC2",90
"1","Pentaho",90
"1","ETL (Extração, transformação e carregamento)",90
"","MS Project",90
"","R",90
"","Data Mining",90
"","BMC Remedy",90
"","Zabbix",90
"","Nagios",90
"","Barman (Backup and Recovery Manager) - PostgreSQL",90
"","Hyperic HQ",90
"31","Marketing digital",91
"","",91
"","",91
"23","Google AdWords",91
"","",91
"","",91
"22","Google Analytics",91
"","",91
"","",91
"17","Digital Marketing",91
"20","Marketing de motor de busca",91
"40","Mídias sociais",91
"28","Marketing",91
"21","Estratégias de marketing",91
"13","Social Media",91
"15","Marketing social",91
"9","Marketing online",91
"12","SEO (Otimização de motores de busca)",91
"8","Planejamento estratégico",91
"6","SEM",91
"6","Publicidade",91
"7","Publicidade online",91
"7","Social Media Marketing",91
"6","Marketing Strategy",91
"3","Graphic Design",91
"3","Adobe Creative Suite",91
"4","Advertising",91
"3","Comunicações de marketing",91
"3","SEO",91
"2","Web Design",91
"2","Runrun.it",91
"3","Estratégia empresarial",91
"1","Marketing de Conteúdo",91
"16","Negociação",93
"","",93
"15","Gestão",93
"","",93
"15","Planejamento estratégico",93
"","",93
"12","Microsoft Excel",93
"11","Microsoft Office",93
"10","Inteligência empresarial",93
"7","Marketing",93
"6","Vendas",93
"5","Gestão de equipes",93
"5","Microsoft Word",93
"4","Negotiation",93
"4","Empresas startups",93
"2","Trade Marketing",93
"2","Strategic Planning",93
"2","Marketing comercial",93
"2","Pré-vendas",93
"2","Centrais de atendimento",93
"1","Business Intelligence",93
"1","Call Centers",93
"1","Team Management",93
"1","Management",93
"1","Pre-sales",93
"1","Start-ups",93
"1","Estratégia empresarial",93
"24","Market Planning",94
"","",94
"","",94
"23","Marketing Strategy",94
"","",94
"","",94
"23","Operating Systems",94
"","",94
"","",94
"19","Digital Marketing",94
"15","DOS",94
"14","Trade Marketing",94
"13","E-commerce",94
"11","Sales",94
"9","Negotiation",94
"8","Sales Management",94
"6","Online Advertising",94
"4","Marketing Management",94
"4","Market Analysis",94
"3","Business Planning",94
"2","Recruiting",94
"2","Strategic Sales",94
"10","Consulting",95
"","",95
"9","Management Consulting",95
"","",95
"4","Business Strategy",95
"","",95
"12","Chemical Engineering",95
"11","Software Development",95
"11","VBA",95
"8","Microsoft Excel",95
"6","Management",95
"8","Process Engineering",95
"8","Metallurgy",95
"6","Team Leadership",95
"32","Business Strategy",96
"","",96
"","",96
"29","E-commerce",96
"","",96
"26","Business Intelligence",96
"","",96
"19","Start-ups",96
"19","Entrepreneurship",96
"15","Scrum",96
"15","Cloud Computing",96
"15","Project Management",96
"14","Strategic Planning",96
"11","Business Analysis",96
"11","Business Planning",96
"9","Team Leadership",96
"6","ITIL",96
"5","IT Management",96
"5","Strategy",96
"4","Information Security",96
"3","COBIT",96
"3","PHP",96
"2","Mobile Applications",96
"2","Outsourcing",96
"2","Digital Marketing",96
"1","PMI",96
"1","ERP",96
"1","Business Process Improvement",96
"1","Agile Methodologies",96
"2","Governance",96
"15","Negociação",97
"","",97
"10","B2B",97
"","",97
"10","Estratégia empresarial",97
"","",97
"7","Business Strategy",97
"7","Negotiation",97
"7","Estratégias de marketing",97
"6","Marketing Strategy",97
"6","Gestão de vendas",97
"5","Gestão",97
"5","Vendas",97
"5","Planejamento estratégico",97
"4","Microsoft Office",97
"3","Desenvolvimento de novos negócios",97
"3","Liderança de equipe",97
"2","Marketing digital",97
"2","Microsoft Word",97
"2","Sales Management",97
"2","Microsoft PowerPoint",97
"2","PowerPoint",97
"1","Inglês",97
"1","Desenvolvimento empresarial",97
"1","Salesforce.com",97
"","New Business Development",97
"","Business Development",97
"6","Microsoft Office",98
"","",98
"5","Microsoft PowerPoint",98
"","",98
"4","Microsoft Word",98
"","",98
"3","Liderança de equipe",98
"2","Oratória",98
"2","Liderança",98
"1","Microsoft Excel",98
"1","Management",98
"","Pesquisa",98
"","Sales Operations",98
"8","E-commerce",99
"","",99
"","",99
"6","Digital Marketing",99
"","",99
"5","DAS",99
"","",99
"5","Business Strategy",99
"5","Business Planning",99
"4","Portuguese",99
"4","Online Advertising",99
"4","Marketing Strategy",99
"4","Market Planning",99
"3","Trade Marketing",99
"3","Marketing Management",99
"3","Operating Systems",99
"2","Strategic Planning",99
"2","Negotiation",99
"2","Management",99
"2","Team Leadership",99
"2","Sales Management",99
"2","Microsoft Office",99
"2","English",99
"2","Social Media Marketing",99
"2","PowerPoint",99
"41","Sistemas operacionais",100
"","",100
"","",100
"29","Gestão",100
"","",100
"20","Negociação",100
"","",100
"18","Marketing digital",100
"18","ERP (Planejamento de recursos empresariais)",100
"16","Estratégia empresarial",100
"15","Planejamento estratégico",100
"13","Empresas startups",100
"12","Vendas",100
"12","Planejamento empresarial",100
"9","Operating Systems",100
"7","Gestão de vendas",100
"5","Gestão de relação de clientes",100
"5","Management",100
"5","Negotiation",100
"4","Sales Management",100
"4","Digital Marketing",100
"4","Venda de soluções de software",100
"3","Microsoft CRM",100
"3","Web 2.0",100
"3","Start-ups",100
"2","Web Analytics",100
"2","Web Design",100
"2","Vendor Management",100
"2","Vendor Relations",100
"2","Pre-sales Technical Support",100
"2","Google Adwords",100
"2","Google Analytics",100
"2","IT Outsourcing",100
"2","Mobile Telecommunications",100
"2","Corporate Management",100
"2","Key Account Management",100
"2","Field Marketing",100
"2","Sales Representatives",100
"2","Insurance",100
"2","Social Media",100
"2","Social Media Marketing",100
"2","ERP",100
"2","Business Coaching",100
"2","Coaching",100
"2","Executive Coaching",100
"2","Solution Selling",100
"2","Selling Skills",100
"2","Sales",100
"2","Sales Process",100
"2","Social Skills",100
"1","SEO",100
"1","Direct Sales",100
"3","ERP/CRM",100
"2","Solutions Selling",100
"25","Marketing digital",101
"","",101
"23","Sistemas operacionais",101
"","",101
"","",101
"15","Comércio eletrônico",101
"","",101
"14","Estratégias de marketing",101
"10","Publicidade online",101
"8","Digital Marketing",101
"7","Marketing",101
"3","Online Advertising",101
"5","Marketing",102
"","",102
"5","Gestão",102
"","",102
"4","Publicidade online",102
"","",102
"3","Atendimento ao Cliente",102
"2","Marketing digital",102
"2","Microsoft Office",102
"2","Mídias sociais",102
"2","Comércio eletrônico",102
"2","Liderança",102
"2","Gestão de projetos",102
"2","Administração",102
"2","Microsoft Word",102
"2","Microsoft Excel",102
"28","Estratégias de marketing",103
"","",103
"22","Planejamento estratégico",103
"","",103
"11","Publicidade online",103
"","",103
"17","Estratégia empresarial",103
"14","Negociação",103
"10","Marketing",103
"6","Marketing online",103
"1","Empresas startups",103
"7","Microsoft PowerPoint",103
"3","Marketing Strategy",103
"1","Digital Marketing",103
"4","Business Strategy",103
"2","Online Advertising",103
"1","E-commerce",103
"5","Negotiation",103
"2","Strategic Planning",103
"5","Comércio eletrônico",103
"6","Marketing digital",103
"5","Liderança de equipe",103
"4","Gestão de vendas",103
"3","Inglês",103
"3","Consultoria de gestão",103
"3","Terceirização de serviços",103
"3","Mídias sociais",103
"6","Estratégia",103
"2","Sales Management",103
"2","Team Leadership",103
"1","Social Media",103
"1","Marketing por e-mail",103
"1","Administração",103
"2","Strategy",103
"4","Microsoft Office",103
"2","Consultoria",103
"3","Gestão",103
"2","Vendas",103
"2","Marketing social",103
"1","Integração",103
"8","PMO",104
"","",104
"5","ITIL",104
"","",104
"3","Microsoft Excel",104
"","",104
"2","Strategic Planning",104
"2","Business Planning",104
"2","English",104
"2","Team Leadership",104
"2","Operating Systems",104
"1","Marketing Strategy",104
"","Pre-sales",104
"","Marketing",104
"","Microsoft Office",104
"","Teamwork",104
"","Management",104
"","Business Strategy",104
"","Customer Service",104
"","Quality Management",104
"","Business Intelligence",104
"","Sales & Marketing",104
"","Sports",104
"","Business Analysis",104
"","Data Analysis",104
"","Planning",104
"7","Python",105
"","",105
"","",105
"2","Docker",105
"","",105
"18","Linux",105
"","",105
"","",105
"","Rancher",105
"","Continuous Integration",105
"9","Web Development",105
"7","HTML 5",105
"17","JavaScript",105
"4","AngularJS",105
"16","PHP",105
"1","Silex",105
"3","Django",105
"6","PHPUnit",105
"7","CSS3",105
"4","Jasmine",105
"13","MySQL",105
"7","Apache",105
"5","front-end",105
"4","jQuery",105
"7","Wordpress",105
"2","Dojo",105
"3","Amazon S3",105
"4","Amazon EC2",105
"4","CSS",105
"5","Git",105
"1","Doctrine",105
"4","Kanban",105
"3","Scrum",105
"5","Planejamento estratégico",106
"","",106
"5","Negociação",106
"","",106
"5","Liderança de equipe",106
"","",106
"5","Microsoft Excel",106
"5","Gestão",106
"4","Microsoft Office",106
"4","Estratégia empresarial",106
"4","Microsoft PowerPoint",106
"4","Gestão de vendas",106
"4","Atendimento ao Cliente",106
"4","Vendas",106
"3","Planejamento empresarial",106
"2","Estratégias de marketing",106
"4","Microsoft Excel",107
"","",107
"4","Salesforce.com",107
"","",107
"2","Microsoft PowerPoint",107
"","",107
"2","Atendimento ao cliente",107
"1","CRM Solve360",107
"1","Exact Sales",107
"","Inglês básico",107
"54","Negociação",109
"","",109
"36","Gestão de vendas",109
"","",109
"32","Gestão",109
"","",109
"24","Marketing digital",109
"18","Estratégia empresarial",109
"17","Estratégias de marketing",109
"13","Liderança de equipe",109
"10","Marketing",109
"9","Vendas",109
"8","Planejamento estratégico",109
"6","Gestão de contas",109
"6","Salesforce.com",109
"6","Comércio eletrônico",109
"5","Negotiation",109
"4","Sales Management",109
"4","Mídias sociais",109
"3","Digital Marketing",109
"3","Planejamento empresarial",109
"3","Management",109
"2","Social Media",109
"2","Social Media Marketing",109
"2","Processo de venda",109
"2","Publicidade online",109
"2","Marketing social",109
"2","Computação em nuvem",109
"1","Excel",109
"1","Windows",109
"1","Online Marketing",109
"1","Venda de soluções de software",109
"1","Operações de vendas",109
"1","Team Leadership",109
"1","Microsoft Office",109
"1","Estratégia",109
"1","SEO (Otimização de motores de busca)",109
"1","Business Planning",109
"","Sales Management Coaching",109
"","Empresas startups",109
"","Gestão de relação de clientes",109
"","Publicidade",109
